folder,id,display_name,description,type,units,domain,labels,calculation,commonly_used,forms
Administrative,nsrrid,National Sleep Research Resource (NSRR) subject ID,This participant ID was created by the National Sleep Research Resource (NSRR) team to more easily match with file downloads.,identifier,,,,,TRUE,
Administrative,visit,Visit,"Cleveland Children's Sleep and Health Study (CCSHS) conducted three visits (Peds, Teenz, and Transdisciplinary Research on Energetics and Cancer (TREC) ) over a span of more than 20 years.",choices,,visit_d,,,TRUE,
Anthropometry,bmi,Body Mass Index (BMI),,numeric,kilograms per meters squared,,kg/m2;weight;height,,TRUE,
Anthropometry,bmicat,Body Mass Index (BMI) percentile category,,choices,,bmicat,weight;height,,,
Anthropometry,bmige85,Body Mass Index (BMI) >= 85th percentile,,choices,,yesno,weight;height,,,
Anthropometry,bmige95,Body Mass Index (BMI) >= 95th percentile,,choices,,yesno,weight;height,,,
Anthropometry,bmipct,"Body Mass Index (BMI) percentile (from the Centers for Disease Control and Prevention (CDC)) for age, gender",Age- and gender-specific Body Mass Index (BMI) percentile based on the Centers for Disease Control and Prevention (CDC) norms,numeric,,,weight;height,,,
Anthropometry,bmiz,"Body Mass Index (BMI) z-score (from the Centers for Disease Control and Prevention (CDC)) for age, gender",Age- and gender-specific Body Mass Index (BMI) z-score based on the Centers for Disease Control and Prevention (CDC) norms,numeric,,,weight;height,,,
Anthropometry,haz,"Height z-score (from the Centers for Disease Control and Prevention (CDC)) for age, gender",Age- and gender-specific height z-score based on the Centers for Disease Control and Prevention (CDC) norms,numeric,,,,,,
Anthropometry,htcm,Height,,numeric,centimeters,,,,TRUE,ccshs_lab_physiology_child_form;ccshs_lab_physiology_parent_form
Anthropometry,htpct,"Height percentile (from the Centers for Disease Control and Prevention (CDC)) for age, gender",Age- and gender-specific height z-score based on the Centers for Disease Control and Prevention (CDC) norms,numeric,percent,,%,,,
Anthropometry,pbmi_dad,Body Mass Index (BMI) of Subject's Father,,numeric,kilograms per meters squared,,kg/m2;weight;height,,,
Anthropometry,pbmi_mom,Body Mass Index (BMI) of Subject's Mother,,numeric,kilograms per meters squared,,kg/m2;weight;height,,,
Anthropometry,pctfat_houtkooper,Fat mass percent of weight (Houtkooper),,numeric,percent,,%;bfp,,,
Anthropometry,pctfat_kotler,Fat mass percent of weight (Kotler),,numeric,percent,,%;bfp,,,
Anthropometry,waz,"Weight z-score (from the Centers for Disease Control and Prevention (CDC)) for age, gender",Age- and gender-specific weight z-score based on the Centers for Disease Control and Prevention (CDC) norms,numeric,,,wt,,,
Anthropometry,wtkg,Weight,,numeric,kilograms,,kg;wt,,TRUE,ccshs_lab_physiology_child_form;ccshs_lab_physiology_parent_form
Anthropometry,wtpct,"Weight percentile (from the Centers for Disease Control and Prevention (CDC)) for age, gender",Age- and gender-specific weight percentile based on the Centers for Disease Control and Prevention (CDC) norms,numeric,,,,,,
Demographics,age,Age at time of visit,,numeric,years,,yrs;children's health questionnaire,,TRUE,
Demographics,ethnicity,Ethnicity,,choices,,ethnicity,children's health questionnaire,,TRUE,
Demographics,male,Male gender,,choices,,yesno,children's health questionnaire,,TRUE,
Demographics,race3,Race,Race was collapsed into these three categories to match other National Sleep Research Resource (NSRR) datasets,choices,,race3,children's health questionnaire,,TRUE,
Measurements/Actigraphy,cslp,Coefficient of variation - sleep time - all nights,,numeric,percent,,%,,,
Measurements/Actigraphy,cslpend,Coefficient of variation - sleep time - weekend nights,,numeric,percent,,%,,,
Measurements/Actigraphy,cslpwk,Coefficient of variation - sleep time - weekday nights,,numeric,percent,,%,,,
Measurements/Actigraphy,mseff,Mean sleep efficiency - all nights,,numeric,percent,,%,,,
Measurements/Actigraphy,mseffend,Mean sleep efficiency - weekend nights,,numeric,percent,,%,,,
Measurements/Actigraphy,mseffwk,Mean sleep efficiency - weekday nights,,numeric,percent,,%,,,
Measurements/Actigraphy,mslp,Mean sleep time - all nights,,numeric,minutes,,min,,,
Measurements/Actigraphy,mslpend,Mean sleep time - weekend nights,,numeric,minutes,,min,,,
Measurements/Actigraphy,mslpwk,Mean sleep time - weekday nights,,numeric,minutes,,min,,,
Measurements/Actigraphy,nslp,Number of nights with sleep time data,,integer,nights,,,,,
Measurements/Actigraphy,nslpend,Number of weekend nights with sleep time data,,integer,nights,,,,,
Measurements/Actigraphy,nslpwk,Number of weekday nights with sleep time data,,integer,nights,,,,,
Measurements/Blood Pressure,bp1dias1,Diastolic blood pressure (DBP) (Evening) time 1,First measurement of diastolic blood pressure (DBP) in evening,numeric,millimeters of mercury,,mmhg,,,
Measurements/Blood Pressure,bp1dias2,Diastolic blood pressure (DBP) (Evening) time 2,Second measurement of diastolic blood pressure (DBP) in evening,numeric,millimeters of mercury,,mmhg,,,
Measurements/Blood Pressure,bp1dias3,Diastolic blood pressure (DBP) (Evening) time 3,Third measurement of diastolic blood pressure (DBP) in evening,numeric,millimeters of mercury,,mmhg,,,
Measurements/Blood Pressure,bp1hr1,Heart rate (Evening) time 1,First measurement of heart rate in evening,numeric,beats per minute,,bpm,,,
Measurements/Blood Pressure,bp1hr2,Heart rate (Evening) time 2,Second measurement of heart rate in evening,numeric,beats per minute,,bpm,,,
Measurements/Blood Pressure,bp1hr3,Heart rate (Evening) time 3,Third measurement of heart rate in evening,numeric,beats per minute,,bpm,,,
Measurements/Blood Pressure,bp1sys1,Systolic blood pressure (SBP) (Evening) time 1,First measurement of systolic blood pressure (SBP) in evening,numeric,millimeters of mercury,,mmhg,,,
Measurements/Blood Pressure,bp1sys2,Systolic blood pressure (SBP) (Evening) time 2,Second measurement of systolic blood pressure (SBP) in evening,numeric,millimeters of mercury,,mmhg,,,
Measurements/Blood Pressure,bp1sys3,Systolic blood pressure (SBP) (Evening) time 3,Third measurement of systolic blood pressure (SBP) in evening,numeric,millimeters of mercury,,mmhg,,,
Measurements/Blood Pressure,bp1time,Time of evening collection,Time of evening blood pressure (BP) collection,time,,,,,,
Measurements/Blood Pressure,bp2dias1,Diastolic blood pressure (DBP) (Morning) time 1,First measurement of diastolic blood pressure (DBP) in morning,numeric,millimeters of mercury,,mmhg,,,
Measurements/Blood Pressure,bp2dias2,Diastolic blood pressure (DBP) (Morning) time 2,Second measurement of diastolic blood pressure (DBP) in morning,numeric,millimeters of mercury,,mmhg,,,
Measurements/Blood Pressure,bp2dias3,Diastolic blood pressure (DBP) (Morning) time 3,Third measurement of diastolic blood pressure (DBP) in morning,numeric,millimeters of mercury,,mmhg,,,
Measurements/Blood Pressure,bp2hr1,Heart rate (Morning) time 1,First measurement of heart rate in morning,numeric,beats per minute,,bpm,,,
Measurements/Blood Pressure,bp2hr2,Heart rate (Morning) time 2,Second measurement of heart rate in morning,numeric,beats per minute,,bpm,,,
Measurements/Blood Pressure,bp2hr3,Heart rate (Morning) time 3,Third measurement of heart rate in morning,numeric,beats per minute,,bpm,,,
Measurements/Blood Pressure,bp2sys1,Systolic blood pressure (SBP) (Morning) time 1,First measurement of systolic blood pressure (SBP) in morning,numeric,millimeters of mercury,,mmhg,,,
Measurements/Blood Pressure,bp2sys2,Systolic blood pressure (SBP) (Morning) time 2,Second measurement of systolic blood pressure (SBP) in morning,numeric,millimeters of mercury,,mmhg,,,
Measurements/Blood Pressure,bp2sys3,Systolic blood pressure (SBP) (Morning) time 3,Third measurement of systolic blood pressure (SBP) in morning,numeric,millimeters of mercury,,mmhg,,,
Measurements/Blood Pressure,bp2time,Time of Morning collection,Time of morning blood pressure (BP) collection,time,,,,,,
Measurements/Blood Pressure,bpdias,Diastolic blood pressure (DBP) (mean of 6 measurements),"Blood pressure (BP) is collected six times, three measurements in the evening and three in the morning. This is the mean of the diastolic measurements at each time point.",numeric,millimeters of mercury,,mmhg,,TRUE,
Measurements/Blood Pressure,bphr,Heart Rate (mean of 6 measurements),"Blood pressure (BP) is collected six times, three measurements in the evening and three in the morning. This is the mean of the heart rate measurements at each time point.",numeric,beats per minute,,bpm,,TRUE,
Measurements/Blood Pressure,bpsys,Systolic blood pressure (SBP) (mean of 6 measurements),"Blood pressure (BP) is collected six times, three measurements in the evening and three in the morning.  This is the mean of the systolic measurements at each time point.",numeric,millimeters of mercury,,mmhg,,TRUE,
Measurements/Blood Pressure,missbpdias,Number of missing diastolic measurements,"Blood pressure (BP) is collected six times, three measurements in the evening and three in the morning.  This is the number of time points missing diastolic blood pressure (DBP).",integer,,,#,,,
Measurements/Blood Pressure,missbphr,Number of missing heart rate measurements,"Blood pressure (BP) is collected six times, three measurements in the evening and three in the morning. This is the number of time points missing heart rate.",integer,,,#,,,
Measurements/Blood Pressure,missbpsys,Number of missing systolic measurements,"Blood pressure (BP) is collected six times, three measurements in the evening and three in the morning.  This is the number of time points missing systolic blood pressure (SBP).",integer,,,#,,,
Measurements/Polysomnography,ai_all,Overall arousal index,Total number of arousals per hour of sleep. Ratio of count of arousals to total sleep time in hours. [(Total number of arousals) / (hours of sleep)],numeric,arousals per hour,,psg;non-rem;non rem;nrem;rem;non-rapid eye movement;non rapid;rapid eye movement,60 * ( arrembp + arremop + arnrembp + arnremop ) / slpprdp ,TRUE,
Measurements/Polysomnography,avgsat,Average oxygen saturation (SaO2) in sleep time,,numeric,percent,,psg;non-rem;non rem;nrem;rem;non-rapid eye movement;non rapid;rapid eye movement;%,( ( avsao2nh ) * ( timest1p + timest2p + times34p ) + ( avsao2rh ) * ( timeremp ) ) / 100 ,TRUE,
Measurements/Polysomnography,minsat,Minimum oxygen saturation (SaO2) in sleep time,Lowest oxygen saturation (SaO2)% during sleep,numeric,percent,,psg;non-rem;non rem;nrem;rem;non-rapid eye movement;non rapid;rapid eye movement;%,,,
Measurements/Polysomnography,oahi3,Obstructive apnea (all oxygen desaturations) hypopnea (>= 3% oxygen desaturation) index,Ratio of the count of all obstructive apneas (all desaturations) plus the count of hypopneas associated with at least a >=3% oxygen desaturation to the total sleep time expressed in hours.,numeric,events per hour,,psg,60*(hrembp3 + hrop3 + hnrbp3 + hnrop3 + oarbp + oarop + oanbp + oanop ) / slpprdp ,,
Measurements/Polysomnography,oai0p,Obstructive Apnea Index all oxygen desaturations,Obstructive Apnea Index at all desaturations  [(Total number of obstructive apneas associated with all desaturations) / (hours of sleep)],numeric,events per hour,,psg,60 * ( oarbp +  oarop  + oanbp  + oanop ) / slpprdp,,
Measurements/Polysomnography,pctlt70,Percent of sleep time <70% oxygen saturation (SaO2),Ratio of the number of minutes with oxygen saturation (SaO2) under 70% to the total sleep time expressed in hours.,numeric,percent,,hypoxia;hypoxemia;psg;oximetry,,,
Measurements/Polysomnography,pctlt75,Percent of sleep time <75% oxygen saturation (SaO2),Ratio of the number of minutes with oxygen saturation (SaO2) under 75% to the total sleep time expressed in hours.,numeric,percent,,hypoxia;hypoxemia;psg;oximetry,,,
Measurements/Polysomnography,pctlt80,Percent of sleep time <80% oxygen saturation (SaO2),Ratio of the number of minutes with oxygen saturation (SaO2) under 80% to the total sleep time expressed in hours.,numeric,percent,,hypoxia;hypoxemia;psg;oximetry,,,
Measurements/Polysomnography,pctlt85,Percent of sleep time <85% oxygen saturation (SaO2),Ratio of the number of minutes with oxygen saturation (SaO2) under 85% to the total sleep time expressed in hours.,numeric,percent,,hypoxia;hypoxemia;psg;oximetry,,,
Measurements/Polysomnography,pctlt90,Percent of sleep time <90% oxygen saturation (SaO2),Ratio of the number of minutes with oxygen saturation (SaO2) under 90% to the total sleep time expressed in hours.,numeric,percent,,hypoxia;hypoxemia;psg;oximetry,,TRUE,
Measurements/Polysomnography,pctlt95,Percent of sleep time <95% oxygen saturation (SaO2),Ratio of the number of minutes with oxygen saturation (SaO2) under 95% to the total sleep time expressed in hours.,numeric,percent,,hypoxia;hypoxemia;psg;oximetry,,,
Measurements/Polysomnography,rdi3p,Overall Respiratory Disturbance Index (RDI) at >=3% oxygen desaturation,[(total number of apneas and hypopneas associated with >= 3% oxygen desaturation) / (hours of sleep)],numeric,,,psg;non-rem; non rem;%;non-rapid eye movement;non rapid;nrem;rem;rapid eye movement,60 * ( hrembp3 + hrop3 + hnrbp3 + hnrop3 + carbp3 + carop3 + canbp3 + canop3 + oarbp3 + oarop3 + oanbp3 + oanop3 ) / slpprdp,TRUE,
Measurements/Polysomnography,slp_eff,Sleep efficiency,"Percentage of time in bed that was spent sleeping, or the ratio of total sleep time to total time in bed, expressed as a percentage.   [100*(total sleep time) / (total time in bed)]",numeric,percent,,psg;non-rem; non rem;%;non-rapid eye movement;non rapid;nrem;rem;rapid eye movement,100 * ( slpprdp ) / timebedp,TRUE,
Measurements/Polysomnography,slpprdp,Total sleep time,Total time from lights out to lights on that is scored as sleep (rounded to nearest minute),numeric,minutes,,non-rem; non rem;non-rapid eye movement;non rapid;nrem;psg;rem;rapid eye movement,,TRUE,
Measurements/Polysomnography,timerem,Time in rapid eye movement sleep (REM),Total time scored as rapid eye movement sleep (REM) rounded to nearest minute,numeric,minutes,,psg,,,
Measurements/Polysomnography,timeremp,Percent of sleep time in rapid eye movement sleep (REM),[100*(number of minutes scored as REM) / (total sleep time)] * 100,numeric,percent,,psg;%,,,
Measurements/Polysomnography,times34p,Percent of sleep time in Stage 3-4,[100*(number of minutes scored as stage 3-4 sleep)/(total sleep time)],numeric,percent,,psg;%;deep;slow wave;sws;delta,,,
Measurements/Polysomnography,timest1,Time in Stage 1 sleep,Total time scored as stage 1 sleep rounded to nearest minute,numeric,minutes,,psg;non-rem;non rem;nrem;non-rapid eye movement sleep;non rapid,,,
Measurements/Polysomnography,timest1p,Percent of sleep time in Stage 1 sleep,[100*(number of minutes scored as stage 1 sleep)/(total sleep time)],numeric,percent,,psg;non-rem;non rem;nrem;non-rapid eye movement sleep;non rapid;%,,,
Measurements/Polysomnography,timest2,Time in Stage 2 sleep,Total time scored as stage 2 sleep rounded to nearest minute,numeric,minutes,,psg;non-rem;non rem;nrem;non-rapid eye movement sleep;non rapid,,,
Measurements/Polysomnography,timest2p,Percent of sleep time in Stage 2 sleep,[100*(number of minutes scored as stage 2 sleep)/(total sleep time)],numeric,percent,,psg;non-rem;non rem;nrem;non-rapid eye movement sleep;non rapid;%,,,
Measurements/Polysomnography,timest34,Time in Stage 3/4 sleep,Total time scored as stage 3/4 sleep rounded to nearest minute,numeric,minutes,,psg;deep;slow wave;sws;delta,,,
Measurements/Polysomnography/Respiratory Events/Indexes,ahi_a0h3,Apnea-Hypopnea Index (AHI) >= 3% - number of [all apneas] and [hypopneas with >= 3% oxygen desaturation] per hour of sleep,,numeric,events per hour,,icsd;psg;apnea;hypopnea;obstructive;central;oa;ca;percent,60 * (hrembp3 + hrop3 + hnrbp3 + hnrop3 + carbp + carop + canbp + canop + oarbp + oarop + oanbp + oanop) / slpprdp,TRUE,
Measurements/Polysomnography/Respiratory Events/Indexes,ahi_a0h3a,Apnea-Hypopnea Index (AHI) >= 3% - number of [all apneas] and [hypopneas with >= 3% oxygen desaturation or arousal] per hour of sleep,,numeric,events per hour,,icsd;psg;apnea;hypopnea;obstructive;central;oa;ca;percent,60 * (hremba3 + hroa3 + hnrba3 + hnroa3 + carbp + carop + canbp + canop + oarbp + oarop + oanbp + oanop) / slpprdp,TRUE,
Measurements/Polysomnography/Respiratory Events/Indexes,ahi_a0h4,Apnea-Hypopnea Index (AHI) >= 4% - number of [all apneas] and [hypopneas with >= 4% oxygen desaturation] per hour of sleep,,numeric,events per hour,,icsd;psg;apnea;hypopnea;obstructive;central;oa;ca;percent,60 * (hrembp4 + hrop4 + hnrbp4 + hnrop4 + carbp + carop + canbp + canop + oarbp + oarop + oanbp + oanop) / slpprdp,TRUE,
Measurements/Polysomnography/Respiratory Events/Indexes,ahi_a0h4a,Apnea-Hypopnea Index (AHI) >= 4% - number of [all apneas] and [hypopneas with >= 4% oxygen desaturation or arousal] per hour of sleep,,numeric,events per hour,,icsd;psg;apnea;hypopnea;obstructive;central;oa;ca;percent,60 * (hremba4 + hroa4 + hnrba4 + hnroa4 + carbp + carop + canbp + canop + oarbp + oarop + oanbp + oanop) / slpprdp,TRUE,
Measurements/Polysomnography/Respiratory Events/Indexes,ahi_c0h3,Central Apnea-Hypopnea Index (AHI) >= 3% - number of [central apneas] and [hypopneas with >= 3% oxygen desaturation] per hour of sleep,,numeric,events per hour,,icsd;psg;ca;percent,60 * (hrembp3 + hrop3 + hnrbp3 + hnrop3 + carbp + carop + canbp + canop) / slpprdp,TRUE,
Measurements/Polysomnography/Respiratory Events/Indexes,ahi_c0h3a,Central Apnea-Hypopnea Index (AHI) >= 3% - number of [central apneas] and [hypopneas with >= 3% oxygen desaturation or arousal] per hour of sleep,,numeric,events per hour,,icsd;psg;ca;percent,60 * (hremba3 + hroa3 + hnrba3 + hnroa3 + carbp + carop + canbp + canop) / slpprdp,TRUE,
Measurements/Polysomnography/Respiratory Events/Indexes,ahi_c0h4,Central Apnea-Hypopnea Index (AHI) >= 4% - number of [central apneas] and [hypopneas with >= 4% oxygen desaturation] per hour of sleep,,numeric,events per hour,,icsd;psg;ca;percent,60 * (hrembp4 + hrop4 + hnrbp4 + hnrop4 + carbp + carop + canbp + canop) / slpprdp,TRUE,
Measurements/Polysomnography/Respiratory Events/Indexes,ahi_c0h4a,Central Apnea-Hypopnea Index (AHI) >= 4% - number of [central apneas] and [hypopneas with >= 4% oxygen desaturation or arousal] per hour of sleep,,numeric,events per hour,,icsd;psg;ca;percent,60 * (hremba4 + hroa4 + hnrba4 + hnroa4 + carbp + carop + canbp + canop) / slpprdp,TRUE,
Measurements/Polysomnography/Respiratory Events/Indexes,ahi_o0h3,Obstructive Apnea-Hypopnea Index (OAHI) >= 3% - number of [obstructive apneas] and [hypopneas with >= 3% oxygen desaturation] per hour of sleep,,numeric,events per hour,,icsd;psg;percent,60 * (hrembp3 + hrop3 + hnrbp3 + hnrop3 + oarbp + oarop + oanbp + oanop) / slpprdp,TRUE,
Measurements/Polysomnography/Respiratory Events/Indexes,ahi_o0h3a,Obstructive Apnea-Hypopnea Index (OAHI) >= 3% - number of [obstructive apneas] and [hypopneas with >= 3% oxygen desaturation or arousal] per hour of sleep,,numeric,events per hour,,icsd;psg;percent,60 * (hremba3 + hroa3 + hnrba3 + hnroa3 + oarbp + oarop + oanbp + oanop) / slpprdp,TRUE,
Measurements/Polysomnography/Respiratory Events/Indexes,ahi_o0h4,Obstructive Apnea-Hypopnea Index (OAHI) >= 4% - number of [obstructive apneas] and [hypopneas with >= 4% oxygen desaturation] per hour of sleep,,numeric,events per hour,,icsd;psg;percent,60 * (hrembp4 + hrop4 + hnrbp4 + hnrop4 + oarbp + oarop + oanbp + oanop) / slpprdp,TRUE,
Measurements/Polysomnography/Respiratory Events/Indexes,ahi_o0h4a,Obstructive Apnea-Hypopnea Index (OAHI) >= 4% - number of [obstructive apneas] and [hypopneas with >= 4% oxygen desaturation or arousal] per hour of sleep,,numeric,events per hour,,icsd;psg;percent,60 * (hremba4 + hroa4 + hnrba4 + hnroa4 + oarbp + oarop + oanbp + oanop) / slpprdp,TRUE,
Measurements/Skinfold Assessment,waistcm,Waist circumference,Mean of two measurements,numeric,centimeters,,wc,,TRUE,
Measurements/Skinfold Assessment,waistge75,"Waist circumference >= 75th percentile for age, gender",Based on Fernandez pediatric waist circumference percentiles,choices,,yesno,wc,,,
Measurements/Skinfold Assessment,waistge90,"Waist circumference >= 90th percentile for age, gender",Based on Fernandez pediatric waist circumference percentiles,choices,,yesno,wc,,,
Measurements/Skinfold Assessment,waistgt75,"Waist circumference > 75th percentile for age, gender",Based on Fernandez pediatric waist circumference percentiles,choices,,yesno,wc,,,
Measurements/Skinfold Assessment,waistgt90,"Waist circumference > 90th percentile for age, gender",Based on Fernandez pediatric waist circumference percentiles,choices,,yesno,wc,,,
Measurements/Skinfold Assessment,waistpctcat,Waist circumference percentile category,Based on Fernandez pediatric waist circumference percentiles,choices,,percentile,wc,,,
Questionnaires/Epworth Sleepiness Scale,essscore,Total score for modified Epworth Sleepiness Scale (ESS),,numeric,,,,,TRUE,
Questionnaires/Epworth Sleepiness Scale,essscore_adult,Total score for adult Epworth Sleepiness Scale (ESS),,numeric,,,,,,
Questionnaires/Epworth Sleepiness Scale,nmiss_adult,"Number of missing items on adult Epworth Sleepiness Scale (ESS) (items 1-7, 9)",,integer,,,,,,
Questionnaires/Epworth Sleepiness Scale,sleepy,Modified Epworth Sleepiness Scale (ESS) Score >= 11,,choices,,yesno,,,,
Questionnaires/Epworth Sleepiness Scale,sleepy_adult,Adult Epworth Sleepiness Scale (ESS) Score >= 11,,choices,,yesno,,,,
Questionnaires/Nutrition,mnmeal,Mean number of meals per day,,numeric,meals,,#,,,
Questionnaires/Nutrition,mnsnack,Mean number of snacks per day,,numeric,snacks,,#,,,
Questionnaires/Nutrition,mrifat,Mean total fat per day,,numeric,grams per day,,,,,
Questionnaires/Nutrition,mrigrams,Mean total grams per day,,numeric,grams per day,,,,,
Questionnaires/Nutrition,mrikcal,Mean energy per day,,numeric,kilocalories per day,,,,,
Questionnaires/Nutrition,mripro,Mean total protein per day,,numeric,grams per day,,,,,
Questionnaires/Nutrition,mritcho,Mean total carbohydrate per day,,numeric,grams per day,,,,,
Questionnaires/Nutrition,msnackfat,Mean fat from snacks per day,,numeric,grams per day,,,,,
Questionnaires/Nutrition,msnackgrams,Mean grams from snacks per day,,numeric,grams per day,,,,,
Questionnaires/Nutrition,msnackkcal,Mean kilocalories from snacks per day,,numeric,kilocalories per day,,,,,
Questionnaires/Nutrition,msnackpro,Mean protein from snacks per day,,numeric,grams per day,,,,,
Questionnaires/Nutrition,msnacktcho,Mean carbohydrates from snacks per day,,numeric,grams per day,,,,,
Questionnaires/Nutrition,nutndays,Number days of nutrition recall data,,integer,days,,#,,,
Questionnaires/Sleep and Health Questionnaire,wd_bedtime,Self-reported bedtime (Weekday),,time,,,,,,ccshs_sleep_and_health_questionnaire_form
Questionnaires/Sleep and Health Questionnaire,wd_slpdur,Self-reported weekday sleep time,Calculated as the difference between self-reported weekday wake time and self-reported weekday bed time.,numeric,minutes,,,,,ccshs_sleep_and_health_questionnaire_form
Questionnaires/Sleep and Health Questionnaire,wd_slpdur_hr,Self-reported weekday sleep time,Calculated as the difference between self-reported weekday wake time and self-reported weekday bed time.,numeric,hours,,,,,ccshs_sleep_and_health_questionnaire_form
Questionnaires/Sleep and Health Questionnaire,wd_slpmid,Midpoint of time in bed from self report (Weekday),Calculated as the midpoint between self-reported weekday wake time and self-reported weekday bed time.,time,,,,,,ccshs_sleep_and_health_questionnaire_form
Questionnaires/Sleep and Health Questionnaire,wd_waketime,Self-reported wake time (Weekday),,time,,,,,,ccshs_sleep_and_health_questionnaire_form
Questionnaires/Sleep and Health Questionnaire,we_bedtime,Self-reported bedtime (Weekend),,time,,,,,,ccshs_sleep_and_health_questionnaire_form
Questionnaires/Sleep and Health Questionnaire,we_slpdur,Self-reported weekend sleep time,Calculated as the difference between self-reported weekend wake time and self-reported weekend bed time.,numeric,minutes,,,,,ccshs_sleep_and_health_questionnaire_form
Questionnaires/Sleep and Health Questionnaire,we_slpdur_hr,Self-reported weekend sleep time,Calculated as the difference between self-reported weekend wake time and self-reported weekend bed time.,numeric,hours,,,,,ccshs_sleep_and_health_questionnaire_form
Questionnaires/Sleep and Health Questionnaire,we_slpmid,Midpoint of time in bed from self report (Weekend),Calculated as the midpoint between self-reported weekend wake time and self-reported weekend bed time.,time,,,,,,ccshs_sleep_and_health_questionnaire_form
Questionnaires/Sleep and Health Questionnaire,we_waketime,Self-reported Wake Time (Weekend),,time,,,,,,ccshs_sleep_and_health_questionnaire_form
Questionnaires/Sleep and Health Questionnaire,yacaer,Other aerobic exercise,Calculated as self-report of the number of minutes of activity per day times self report of the number of days per week in that activity,numeric,minutes per week,,,,,ccshs_sleep_and_health_questionnaire_form
Questionnaires/Sleep and Health Questionnaire,yacarm,Weight training (Arm),Calculated as self-report of the number of minutes of activity per day times self report of the number of days per week in that activity,numeric,minutes per week,,exercise,,,ccshs_sleep_and_health_questionnaire_form
Questionnaires/Sleep and Health Questionnaire,yacbike,Bicycling,Calculated as self-report of the number of minutes of activity per day times self report of the number of days per week in that activity,numeric,minutes per week,,exercise,,,ccshs_sleep_and_health_questionnaire_form
Questionnaires/Sleep and Health Questionnaire,yacjog,Jogging,Calculated as self-report of the number of minutes of activity per day times self report of the number of days per week in that activity,numeric,minutes per week,,exercise,,,ccshs_sleep_and_health_questionnaire_form
Questionnaires/Sleep and Health Questionnaire,yacleg,Weight training (Leg),Calculated as self-report of the number of minutes of activity per day times self report of the number of days per week in that activity,numeric,minutes per week,,exercise,,,ccshs_sleep_and_health_questionnaire_form
Questionnaires/Sleep and Health Questionnaire,yacloin,Lower intensity exercise,Calculated as self-report of the number of minutes of activity per day times self report of the number of days per week in that activity,numeric,minutes per week,,,,,ccshs_sleep_and_health_questionnaire_form
Questionnaires/Sleep and Health Questionnaire,yacother,Other activity,Calculated as self-report of the number of minutes of activity per day times self report of the number of days per week in that activity,numeric,minutes per week,,exercise,,,ccshs_sleep_and_health_questionnaire_form
Questionnaires/Sleep and Health Questionnaire,yacrun,Running,Calculated as self-report of the number of minutes of activity per day times self report of the number of days per week in that activity,numeric,minutes per week,,exercise,,,ccshs_sleep_and_health_questionnaire_form
Questionnaires/Sleep and Health Questionnaire,yacswim,Swimming,Calculated as self-report of the number of minutes of activity per day times self report of the number of days per week in that activity,numeric,minutes per week,,exercise,,,ccshs_sleep_and_health_questionnaire_form
Questionnaires/Sleep and Health Questionnaire,yacten,Tennis,Calculated as self-report of the number of minutes of activity per day times self report of the number of days per week in that activity,numeric,minutes per week,,exercise,,,ccshs_sleep_and_health_questionnaire_form
Questionnaires/Sleep and Health Questionnaire,yacvig,Other vigorous activities,Calculated as self-report of the number of minutes of activity per day times self report of the number of days per week in that activity,numeric,minutes per week,,exercise,,,ccshs_sleep_and_health_questionnaire_form
Questionnaires/Sleep and Health Questionnaire,yacwlk,Walking for exercise,Calculated as self-report of the number of minutes of activity per day times self report of the number of days per week in that activity,numeric,minutes per week,,,,,ccshs_sleep_and_health_questionnaire_form
Questionnaires/Sleep and Health Questionnaire,ycursmk,Currently smoke regularly,,choices,,yesno,cigarettes;pipe;bowl;cigar,,,ccshs_sleep_and_health_questionnaire_form
Questionnaires/Sleep and Health Questionnaire,ydrkcaf,Caffeine beverages per day,,integer,drinks,,soda;pop;coffee;tea,,,ccshs_sleep_and_health_questionnaire_form
Questionnaires/Sleep and Health Questionnaire,yevrsmk,"Ever smoked cigarettes, cigars or pipe",,choices,,yesno,,,,ccshs_sleep_and_health_questionnaire_form
Questionnaires/Sleep and Health Questionnaire,yevrsmkstaa,Age when started smoking regularly,,integer,years,,yrs;cigarettes;pipe;bowl;cigar,,,ccshs_sleep_and_health_questionnaire_form
Questionnaires/Sleep and Health Questionnaire,yevrsmkstpa,Age when stopped smoking regularly,,integer,years,,yrs;cigarettes;pipe;bowl;cigar,,,ccshs_sleep_and_health_questionnaire_form
Questionnaires/Sleep and Health Questionnaire,ynaptime_s,Self-reported daily nap time in minutes (all days),Calculated as a weighted average of self-reported daily nap time from weekdays and from weekends (ynaptime_s = 5/7 * ywd_napdur  + 2/7*ywe_napdur),numeric,minutes,,,,,ccshs_sleep_and_health_questionnaire_form
Questionnaires/Sleep and Health Questionnaire,ysleeplatency,Self-reported sleep latency,Calculated from self report of hours and minutes it takes to fall asleep (ysleeplatency = (yflashr * 60) + yflasmn),numeric,minutes,,,,,ccshs_sleep_and_health_questionnaire_form
Questionnaires/Sleep and Health Questionnaire,ysleeptime_hr,Self-reported sleep time across all days,Calculated as a weighted average of self-reported sleep time from weekdays and from weekends (ysleeptime_hr  = 5/7 *wd_slpdur_hr  + 2/7*we_slpdur_hr),numeric,hours,,,,,ccshs_sleep_and_health_questionnaire_form
Questionnaires/Sleep and Health Questionnaire,ysleeptime_min,Sleep time from self-reported bed and wake times in minutes (all days),Calculated as a weighted average of self-reported sleep time from weekdays and from weekends (ysleeptime_min = 5/7 * wd_slpdur  + 2/7*we_slpdur ),numeric,minutes,,,,,ccshs_sleep_and_health_questionnaire_form
Questionnaires/Sleep and Health Questionnaire,ysleeptime_s,Sleep time from self-reported usual sleep time (all days),Calculated as a weighted average of self-reported usual sleep time from weekdays and from weekends (ysleeptime_s = 5/7 * ywd_slpdur  + 2/7*ywe_slpdur ),numeric,minutes,,,,,ccshs_sleep_and_health_questionnaire_form
Questionnaires/Sleep and Health Questionnaire,ystatus,Rate socioeconomic standing based on ladder,,integer,,,,,,ccshs_sleep_and_health_questionnaire_form
Questionnaires/Sleep and Health Questionnaire,ywd_napdur,Self-reported daily nap time in minutes (Weekday),Calculated from self report of hours and minutes spent napping on average on weekdays (ywd_napdur = (ywdnphr * 60) + ywdnpmn),numeric,minutes,,,,,ccshs_sleep_and_health_questionnaire_form
Questionnaires/Sleep and Health Questionnaire,ywd_slpdur,Sleep time from self-reported usual sleep time (Weekday),Calculated from self report of hours and minutes spent asleep (ywd_slpdur = (ywdslhr * 60) + ywdslmn),numeric,minutes,,,,,ccshs_sleep_and_health_questionnaire_form
Questionnaires/Sleep and Health Questionnaire,ywe_napdur,Self-reported daily nap time in minutes (Weekend),Calculated from self report of hours and minutes spent napping on average on weekends (ywe_napdur = (ywenphr * 60) + ywenpmn),numeric,minutes,,,,,ccshs_sleep_and_health_questionnaire_form
Questionnaires/Sleep and Health Questionnaire,ywe_slpdur,Sleep time from self-reported usual sleep time (Weekend),Calculated from self report of hours and minutes spent asleep (ywe_slpdur = (yweslhr * 60) + yweslmn),numeric,minutes,,,,,ccshs_sleep_and_health_questionnaire_form
Spectral Analysis,alpha_bandend,Alpha band end,,numeric,hertz,,hz;8;9;10;11;12,,,
Spectral Analysis,alpha_bandstart,Alpha band start,,numeric,hertz,,hz;8;9;10;11;12,,,
Spectral Analysis,alpha_lognrem,Log transformed alpha power density in non-rapid eye movement sleep (NREM) ,,numeric,,,non-rem;non rem;8;9;10;11;12,,,
Spectral Analysis,alpha_logrem,Log transformed alpha power density in rapid eye movement sleep (REM),,numeric,,,8;9;10;11;12,,,
Spectral Analysis,alpha_logsleep,Log transformed alpha power density in sleep,,numeric,,,non-rem;non rem;non rapid;non-rapid eye movement;non rapid;nrem;8;9;10;11;12,,,
Spectral Analysis,alpha_nrem,Alpha power density in non-rapid eye movement sleep (NREM),,numeric,microvolts squared per hertz,,non-rem;non rem;uv2/hz;8;9;10;11;12,,,
Spectral Analysis,alpha_rem,Alpha power density in rapid eye movement sleep (REM),,numeric,microvolts squared per hertz,,uv2/hz;8;9;10;11;12,,,
Spectral Analysis,alpha_sleep,Alpha power density in sleep,,numeric,microvolts squared per hertz,,non-rem;non rem;non rapid;non-rapid eye movement;non rapid;nrem;uv2/hz;8;9;10;11;12,,,
Spectral Analysis,beta_bandend,Beta band end,,numeric,hertz,,hz;15;16;17;18;19;20,,,
Spectral Analysis,beta_bandstart,Beta band start,,numeric,hertz,,hz;15;16;17;18;19;20,,,
Spectral Analysis,beta_lognrem,Log transformed beta power density in non-rapid eye movement sleep (NREM) ,,numeric,,,non-rem;non rem;non rapid;non-rapid eye movement;non rapid;nrem;15;16;17;18;19;20,,,
Spectral Analysis,beta_logrem,Log transformed beta power density in rapid eye movement sleep (REM),,numeric,,,15;16;17;18;19;20,,,
Spectral Analysis,beta_logsleep,Log transformed beta power density in sleep,,numeric,,,non-rem;non rem;non rapid;non-rapid eye movement;non rapid;nrem;15;16;17;18;19;20,,,
Spectral Analysis,beta_nrem,Beta power density in non-rapid eye movement sleep (NREM),,numeric,microvolts squared per hertz,,non-rem;non rem;non rapid;non-rapid eye movement;non rapid;nrem;uv2/hz;16;17;18;19;20,,,
Spectral Analysis,beta_rem,Beta power density in rapid eye movement sleep (REM),,numeric,microvolts squared per hertz,,uv2/hz;16;17;18;19;20,,,
Spectral Analysis,beta_sleep,Beta power density in sleep,,numeric,microvolts squared per hertz,,non-rem;non rem;non rapid;non-rapid eye movement;non rapid;nrem;uv2/hz;16;17;18;19;20,,,
Spectral Analysis,delta_bandend,Delta band end,,numeric,hertz,,hz;1;2;3;4,,,
Spectral Analysis,delta_bandstart,Delta band start,,numeric,hertz,,hz;1;2;3;4,,,
Spectral Analysis,delta_lognrem,Log transformed delta power density in non-rapid eye movement sleep (NREM),,numeric,,,non-rem;non rem;non rapid;non-rapid eye movement;non rapid;nrem;1;2;3;4,,,
Spectral Analysis,delta_logrem,Log transformed delta power density in rapid eye movement sleep (REM),,numeric,,,1;2;3;4,,,
Spectral Analysis,delta_logsleep,Log transformed delta power density in sleep,,numeric,,,non-rem;non rem;non rapid;non-rapid eye movement;non rapid;nrem;1;2;3;4,,,
Spectral Analysis,delta_nrem,Delta power density in non-rapid eye movement sleep (NREM),,numeric,microvolts squared per hertz,,non-rem;non rem;non rapid;non-rapid eye movement;non rapid;nrem;uv2/hz;1;2;3;4,,,
Spectral Analysis,delta_rem,Delta power density in rapid eye movement sleep (REM),,numeric,microvolts squared per hertz,,uv2/hz;1;2;3;4,,,
Spectral Analysis,delta_sleep,Delta power density in sleep,,numeric,microvolts squared per hertz,,non-rem;non rem;non rapid;non-rapid eye movement;non rapid;nrem;uv2/hz;1;2;3;4,,,
Spectral Analysis,fastsigma_bandend,Fast sigma band end,,numeric,hertz,,hz;13.5-15,,,
Spectral Analysis,fastsigma_bandstart,Fast sigma band start,,numeric,hertz,,hz;13.5-15,,,
Spectral Analysis,fastsigma_lognrem,Log transformed fast sigma power density in non-rapid eye movement sleep (NREM),,numeric,,,non-rem;non rem;non rapid;non-rapid eye movement;non rapid;nrem;13.5-15,,,
Spectral Analysis,fastsigma_logrem,Log transformed fast sigma power density in rapid eye movement sleep (REM),,numeric,,,13.5-15,,,
Spectral Analysis,fastsigma_logsleep,Log transformed fast sigma power density in sleep,,numeric,,,non-rem;non rem;non rapid;non-rapid eye movement;non rapid;nrem;13.5-15,,,
Spectral Analysis,fastsigma_nrem,Fast sigma power density in non-rapid eye movement sleep (NREM),,numeric,microvolts squared per hertz,,non-rem;non rem;non rapid;non-rapid eye movement;non rapid;nrem;uv2/hz;13.5-15,,,
Spectral Analysis,fastsigma_rem,Fast sigma power density in rapid eye movement sleep (REM),,numeric,microvolts squared per hertz,,uv2/hz;13.5-15,,,
Spectral Analysis,fastsigma_sleep,Fast sigma power density in sleep,,numeric,microvolts squared per hertz,,non-rem;non rem;non rapid;non-rapid eye movement;non rapid;nrem;uv2/hz;13.5-15,,,
Spectral Analysis,nrem_0_5_hz,Non-rapid eye movement sleep (NREM) power density at 0.5 Hertz,,numeric,microvolts squared per hertz,,non-rem;non rem;non rapid;non-rapid eye movement;non rapid;nrem;uv2/hz,,,
Spectral Analysis,nrem_0_hz,Non-rapid eye movement sleep (NREM) power density at 0 Hertz,,numeric,microvolts squared per hertz,,non-rem;non rem;non rapid;non-rapid eye movement;non rapid;nrem;uv2/hz,,,
Spectral Analysis,nrem_10_5_hz,Non-rapid eye movement sleep (NREM) power density at 10.5 Hertz,,numeric,microvolts squared per hertz,,non-rem;non rem;non rapid;non-rapid eye movement;non rapid;nrem;uv2/hz,,,
Spectral Analysis,nrem_10_hz,Non-rapid eye movement sleep (NREM) power density at 10.0 Hertz,,numeric,microvolts squared per hertz,,non-rem;non rem;non rapid;non-rapid eye movement;non rapid;nrem;uv2/hz,,,
Spectral Analysis,nrem_11_5_hz,Non-rapid eye movement sleep (NREM) power density at 11.5 Hertz,,numeric,microvolts squared per hertz,,non-rem;non rem;non rapid;non-rapid eye movement;non rapid;nrem;uv2/hz,,,
Spectral Analysis,nrem_11_hz,Non-rapid eye movement sleep (NREM) power density at 11.0 Hertz,,numeric,microvolts squared per hertz,,non-rem;non rem;non rapid;non-rapid eye movement;non rapid;nrem;uv2/hz,,,
Spectral Analysis,nrem_12_5_hz,Non-rapid eye movement sleep (NREM) power density at 12.5 Hertz,,numeric,microvolts squared per hertz,,non-rem;non rem;non rapid;non-rapid eye movement;non rapid;nrem;uv2/hz,,,
Spectral Analysis,nrem_12_hz,Non-rapid eye movement sleep (NREM) power density at 12.0 Hertz,,numeric,microvolts squared per hertz,,non-rem;non rem;non rapid;non-rapid eye movement;non rapid;nrem;uv2/hz,,,
Spectral Analysis,nrem_13_5_hz,Non-rapid eye movement sleep (NREM) power density at 13.5 Hertz,,numeric,microvolts squared per hertz,,non-rem;non rem;non rapid;non-rapid eye movement;non rapid;nrem;uv2/hz,,,
Spectral Analysis,nrem_13_hz,Non-rapid eye movement sleep (NREM) power density at 13.0 Hertz,,numeric,microvolts squared per hertz,,non-rem;non rem;non rapid;non-rapid eye movement;non rapid;nrem;uv2/hz,,,
Spectral Analysis,nrem_14_5_hz,Non-rapid eye movement sleep (NREM) power density at 14.5 Hertz,,numeric,microvolts squared per hertz,,non-rem;non rem;non rapid;non-rapid eye movement;non rapid;nrem;uv2/hz,,,
Spectral Analysis,nrem_14_hz,Non-rapid eye movement sleep (NREM) power density at 14.0 Hertz,,numeric,microvolts squared per hertz,,non-rem;non rem;non rapid;non-rapid eye movement;non rapid;nrem;uv2/hz,,,
Spectral Analysis,nrem_15_5_hz,Non-rapid eye movement sleep (NREM) power density at 15.5 Hertz,,numeric,microvolts squared per hertz,,non-rem;non rem;non rapid;non-rapid eye movement;non rapid;nrem;uv2/hz,,,
Spectral Analysis,nrem_15_hz,Non-rapid eye movement sleep (NREM) power density at 15.0 Hertz,,numeric,microvolts squared per hertz,,non-rem;non rem;non rapid;non-rapid eye movement;non rapid;nrem;uv2/hz,,,
Spectral Analysis,nrem_16_5_hz,Non-rapid eye movement sleep (NREM) power density at 16.5 Hertz,,numeric,microvolts squared per hertz,,non-rem;non rem;non rapid;non-rapid eye movement;non rapid;nrem;uv2/hz,,,
Spectral Analysis,nrem_16_hz,Non-rapid eye movement sleep (NREM) power density at 16.0 Hertz,,numeric,microvolts squared per hertz,,non-rem;non rem;non rapid;non-rapid eye movement;non rapid;nrem;uv2/hz,,,
Spectral Analysis,nrem_17_5_hz,Non-rapid eye movement sleep (NREM) power density at 17.5 Hertz,,numeric,microvolts squared per hertz,,non-rem;non rem;non rapid;non-rapid eye movement;non rapid;nrem;uv2/hz,,,
Spectral Analysis,nrem_17_hz,Non-rapid eye movement sleep (NREM) power density at 17.0 Hertz,,numeric,microvolts squared per hertz,,non-rem;non rem;non rapid;non-rapid eye movement;non rapid;nrem;uv2/hz,,,
Spectral Analysis,nrem_18_5_hz,Non-rapid eye movement sleep (NREM) power density at 18.5 Hertz,,numeric,microvolts squared per hertz,,non-rem;non rem;non rapid;non-rapid eye movement;non rapid;nrem;uv2/hz,,,
Spectral Analysis,nrem_18_hz,Non-rapid eye movement sleep (NREM) power density at 18.0 Hertz,,numeric,microvolts squared per hertz,,non-rem;non rem;non rapid;non-rapid eye movement;non rapid;nrem;uv2/hz,,,
Spectral Analysis,nrem_19_5_hz,Non-rapid eye movement sleep (NREM) power density at 19.5 Hertz,,numeric,microvolts squared per hertz,,non-rem;non rem;non rapid;non-rapid eye movement;non rapid;nrem;uv2/hz,,,
Spectral Analysis,nrem_19_hz,Non-rapid eye movement sleep (NREM) power density at 19.0 Hertz,,numeric,microvolts squared per hertz,,non-rem;non rem;non rapid;non-rapid eye movement;non rapid;nrem;uv2/hz,,,
Spectral Analysis,nrem_1_5_hz,Non-rapid eye movement sleep (NREM) power density at 1.5 Hertz,,numeric,microvolts squared per hertz,,non-rem;non rem;non rapid;non-rapid eye movement;non rapid;nrem;uv2/hz,,,
Spectral Analysis,nrem_1_hz,Non-rapid eye movement sleep (NREM) power density at 1.0 Hertz,,numeric,microvolts squared per hertz,,non-rem;non rem;non rapid;non-rapid eye movement;non rapid;nrem;uv2/hz,,,
Spectral Analysis,nrem_20_5_hz,Non-rapid eye movement sleep (NREM) power density at 20.5 Hertz,,numeric,microvolts squared per hertz,,non-rem;non rem;non rapid;non-rapid eye movement;non rapid;nrem;uv2/hz,,,
Spectral Analysis,nrem_20_hz,Non-rapid eye movement sleep (NREM) power density at 20.0 Hertz,,numeric,microvolts squared per hertz,,non-rem;non rem;non rapid;non-rapid eye movement;non rapid;nrem;uv2/hz,,,
Spectral Analysis,nrem_21_5_hz,Non-rapid eye movement sleep (NREM) power density at 21.5 Hertz,,numeric,microvolts squared per hertz,,non-rem;non rem;non rapid;non-rapid eye movement;non rapid;nrem;uv2/hz,,,
Spectral Analysis,nrem_21_hz,Non-rapid eye movement sleep (NREM) power density at 21.0 Hertz,,numeric,microvolts squared per hertz,,non-rem;non rem;non rapid;non-rapid eye movement;non rapid;nrem;uv2/hz,,,
Spectral Analysis,nrem_22_5_hz,Non-rapid eye movement sleep (NREM) power density at 22.5 Hertz,,numeric,microvolts squared per hertz,,non-rem;non rem;non rapid;non-rapid eye movement;non rapid;nrem;uv2/hz,,,
Spectral Analysis,nrem_22_hz,Non-rapid eye movement sleep (NREM) power density at 22.0 Hertz,,numeric,microvolts squared per hertz,,non-rem;non rem;non rapid;non-rapid eye movement;non rapid;nrem;uv2/hz,,,
Spectral Analysis,nrem_23_5_hz,Non-rapid eye movement sleep (NREM) power density at 23.5 Hertz,,numeric,microvolts squared per hertz,,non-rem;non rem;non rapid;non-rapid eye movement;non rapid;nrem;uv2/hz,,,
Spectral Analysis,nrem_23_hz,Non-rapid eye movement sleep (NREM) power density at 23.0 Hertz,,numeric,microvolts squared per hertz,,non-rem;non rem;non rapid;non-rapid eye movement;non rapid;nrem;uv2/hz,,,
Spectral Analysis,nrem_24_5_hz,Non-rapid eye movement sleep (NREM) power density at 24.5 Hertz,,numeric,microvolts squared per hertz,,non-rem;non rem;non rapid;non-rapid eye movement;non rapid;nrem;uv2/hz,,,
Spectral Analysis,nrem_24_hz,Non-rapid eye movement sleep (NREM) power density at 24.0 Hertz,,numeric,microvolts squared per hertz,,non-rem;non rem;non rapid;non-rapid eye movement;non rapid;nrem;uv2/hz,,,
Spectral Analysis,nrem_25_hz,Non-rapid eye movement sleep (NREM) power density at 25.0 Hertz,,numeric,microvolts squared per hertz,,non-rem;non rem;non rapid;non-rapid eye movement;non rapid;nrem;uv2/hz,,,
Spectral Analysis,nrem_2_5_hz,Non-rapid eye movement sleep (NREM) power density at 2.5 Hertz,,numeric,microvolts squared per hertz,,non-rem;non rem;non rapid;non-rapid eye movement;non rapid;nrem;uv2/hz,,,
Spectral Analysis,nrem_2_hz,Non-rapid eye movement sleep (NREM) power density at 2.0 Hertz,,numeric,microvolts squared per hertz,,non-rem;non rem;non rapid;non-rapid eye movement;non rapid;nrem;uv2/hz,,,
Spectral Analysis,nrem_3_5_hz,Non-rapid eye movement sleep (NREM) power density at 3.5 Hertz,,numeric,microvolts squared per hertz,,non-rem;non rem;non rapid;non-rapid eye movement;non rapid;nrem;uv2/hz,,,
Spectral Analysis,nrem_3_hz,Non-rapid eye movement sleep (NREM) power density at 3.0 Hertz,,numeric,microvolts squared per hertz,,non-rem;non rem;non rapid;non-rapid eye movement;non rapid;nrem;uv2/hz,,,
Spectral Analysis,nrem_4_5_hz,Non-rapid eye movement sleep (NREM) power density at 4.5 Hertz,,numeric,microvolts squared per hertz,,non-rem;non rem;non rapid;non-rapid eye movement;non rapid;nrem;uv2/hz,,,
Spectral Analysis,nrem_4_hz,Non-rapid eye movement sleep (NREM) power density at 4.0 Hertz,,numeric,microvolts squared per hertz,,non-rem;non rem;non rapid;non-rapid eye movement;non rapid;nrem;uv2/hz,,,
Spectral Analysis,nrem_5_5_hz,Non-rapid eye movement sleep (NREM) power density at 5.5 Hertz,,numeric,microvolts squared per hertz,,non-rem;non rem;non rapid;non-rapid eye movement;non rapid;nrem;uv2/hz,,,
Spectral Analysis,nrem_5_hz,Non-rapid eye movement sleep (NREM) power density at 5.0 Hertz,,numeric,microvolts squared per hertz,,non-rem;non rem;non rapid;non-rapid eye movement;non rapid;nrem;uv2/hz,,,
Spectral Analysis,nrem_6_5_hz,Non-rapid eye movement sleep (NREM) power density at 6.5 Hertz,,numeric,microvolts squared per hertz,,non-rem;non rem;non rapid;non-rapid eye movement;non rapid;nrem;uv2/hz,,,
Spectral Analysis,nrem_6_hz,Non-rapid eye movement sleep (NREM) power density at 6.0 Hertz,,numeric,microvolts squared per hertz,,non-rem;non rem;non rapid;non-rapid eye movement;non rapid;nrem;uv2/hz,,,
Spectral Analysis,nrem_7_5_hz,Non-rapid eye movement sleep (NREM) power density at 7.5 Hertz,,numeric,microvolts squared per hertz,,non-rem;non rem;non rapid;non-rapid eye movement;non rapid;nrem;uv2/hz,,,
Spectral Analysis,nrem_7_hz,Non-rapid eye movement sleep (NREM) power density at 7.0 Hertz,,numeric,microvolts squared per hertz,,non-rem;non rem;non rapid;non-rapid eye movement;non rapid;nrem;uv2/hz,,,
Spectral Analysis,nrem_8_5_hz,Non-rapid eye movement sleep (NREM) power density at 8.5 Hertz,,numeric,microvolts squared per hertz,,non-rem;non rem;non rapid;non-rapid eye movement;non rapid;nrem;uv2/hz,,,
Spectral Analysis,nrem_8_hz,Non-rapid eye movement sleep (NREM) power density at 8.0 Hertz,,numeric,microvolts squared per hertz,,non-rem;non rem;non rapid;non-rapid eye movement;non rapid;nrem;uv2/hz,,,
Spectral Analysis,nrem_9_5_hz,Non-rapid eye movement sleep (NREM) power density at 9.5 Hertz,,numeric,microvolts squared per hertz,,non-rem;non rem;non rapid;non-rapid eye movement;non rapid;nrem;uv2/hz,,,
Spectral Analysis,nrem_9_hz,Non-rapid eye movement sleep (NREM) power density at 9.0 Hertz,,numeric,microvolts squared per hertz,,non-rem;non rem;non rapid;non-rapid eye movement;non rapid;nrem;uv2/hz,,,
Spectral Analysis,rem_0_5_hz,Rapid eye movement sleep (REM) power density at 0.5 Hertz,,numeric,microvolts squared per hertz,,uv2/hz,,,
Spectral Analysis,rem_0_hz,Rapid eye movement sleep (REM) power density at 0 Hertz,,numeric,microvolts squared per hertz,,uv2/hz,,,
Spectral Analysis,rem_10_5_hz,Rapid eye movement sleep (REM) power density at 10.5 Hertz,,numeric,microvolts squared per hertz,,uv2/hz,,,
Spectral Analysis,rem_10_hz,Rapid eye movement sleep (REM) power density at 10.0 Hertz,,numeric,microvolts squared per hertz,,uv2/hz,,,
Spectral Analysis,rem_11_5_hz,Rapid eye movement sleep (REM) power density at 11.5 Hertz,,numeric,microvolts squared per hertz,,uv2/hz,,,
Spectral Analysis,rem_11_hz,Rapid eye movement sleep (REM) power density at 11.0 Hertz,,numeric,microvolts squared per hertz,,uv2/hz,,,
Spectral Analysis,rem_12_5_hz,Rapid eye movement sleep (REM) power density at 12.5 Hertz,,numeric,microvolts squared per hertz,,uv2/hz,,,
Spectral Analysis,rem_12_hz,Rapid eye movement sleep (REM) power density at 12.0 Hertz,,numeric,microvolts squared per hertz,,uv2/hz,,,
Spectral Analysis,rem_13_5_hz,Rapid eye movement sleep (REM) power density at 13.5 Hertz,,numeric,microvolts squared per hertz,,uv2/hz,,,
Spectral Analysis,rem_13_hz,Rapid eye movement sleep (REM) power density at 13.0 Hertz,,numeric,microvolts squared per hertz,,uv2/hz,,,
Spectral Analysis,rem_14_5_hz,Rapid eye movement sleep (REM) power density at 14.5 Hertz,,numeric,microvolts squared per hertz,,uv2/hz,,,
Spectral Analysis,rem_14_hz,Rapid eye movement sleep (REM) power density at 14.0 Hertz,,numeric,microvolts squared per hertz,,uv2/hz,,,
Spectral Analysis,rem_15_5_hz,Rapid eye movement sleep (REM) power density at 15.5 Hertz,,numeric,microvolts squared per hertz,,uv2/hz,,,
Spectral Analysis,rem_15_hz,Rapid eye movement sleep (REM) power density at 15.0 Hertz,,numeric,microvolts squared per hertz,,uv2/hz,,,
Spectral Analysis,rem_16_5_hz,Rapid eye movement sleep (REM) power density at 16.5 Hertz,,numeric,microvolts squared per hertz,,uv2/hz,,,
Spectral Analysis,rem_16_hz,Rapid eye movement sleep (REM) power density at 16.0 Hertz,,numeric,microvolts squared per hertz,,uv2/hz,,,
Spectral Analysis,rem_17_5_hz,Rapid eye movement sleep (REM) power density at 17.5 Hertz,,numeric,microvolts squared per hertz,,uv2/hz,,,
Spectral Analysis,rem_17_hz,Rapid eye movement sleep (REM) power density at 17.0 Hertz,,numeric,microvolts squared per hertz,,uv2/hz,,,
Spectral Analysis,rem_18_5_hz,Rapid eye movement sleep (REM) power density at 18.5 Hertz,,numeric,microvolts squared per hertz,,uv2/hz,,,
Spectral Analysis,rem_18_hz,Rapid eye movement sleep (REM) power density at 18.0 Hertz,,numeric,microvolts squared per hertz,,uv2/hz,,,
Spectral Analysis,rem_19_5_hz,Rapid eye movement sleep (REM) power density at 19.5 Hertz,,numeric,microvolts squared per hertz,,uv2/hz,,,
Spectral Analysis,rem_19_hz,Rapid eye movement sleep (REM) power density at 19.0 Hertz,,numeric,microvolts squared per hertz,,uv2/hz,,,
Spectral Analysis,rem_1_5_hz,Rapid eye movement sleep (REM) power density at 1.5 Hertz,,numeric,microvolts squared per hertz,,uv2/hz,,,
Spectral Analysis,rem_1_hz,Rapid eye movement sleep (REM) power density at 1.0 Hertz,,numeric,microvolts squared per hertz,,uv2/hz,,,
Spectral Analysis,rem_20_5_hz,Rapid eye movement sleep (REM) power density at 20.5 Hertz,,numeric,microvolts squared per hertz,,uv2/hz,,,
Spectral Analysis,rem_20_hz,Rapid eye movement sleep (REM) power density at 20.0 Hertz,,numeric,microvolts squared per hertz,,uv2/hz,,,
Spectral Analysis,rem_21_5_hz,Rapid eye movement sleep (REM) power density at 21.5 Hertz,,numeric,microvolts squared per hertz,,uv2/hz,,,
Spectral Analysis,rem_21_hz,Rapid eye movement sleep (REM) power density at 21.0 Hertz,,numeric,microvolts squared per hertz,,uv2/hz,,,
Spectral Analysis,rem_22_5_hz,Rapid eye movement sleep (REM) power density at 22.5 Hertz,,numeric,microvolts squared per hertz,,uv2/hz,,,
Spectral Analysis,rem_22_hz,Rapid eye movement sleep (REM) power density at 22.0 Hertz,,numeric,microvolts squared per hertz,,uv2/hz,,,
Spectral Analysis,rem_23_5_hz,Rapid eye movement sleep (REM) power density at 23.5 Hertz,,numeric,microvolts squared per hertz,,uv2/hz,,,
Spectral Analysis,rem_23_hz,Rapid eye movement sleep (REM) power density at 23.0 Hertz,,numeric,microvolts squared per hertz,,uv2/hz,,,
Spectral Analysis,rem_24_5_hz,Rapid eye movement sleep (REM) power density at 24.5 Hertz,,numeric,microvolts squared per hertz,,uv2/hz,,,
Spectral Analysis,rem_24_hz,Rapid eye movement sleep (REM) power density at 24.0 Hertz,,numeric,microvolts squared per hertz,,uv2/hz,,,
Spectral Analysis,rem_25_hz,Rapid eye movement sleep (REM) power density at 25.0 Hertz,,numeric,microvolts squared per hertz,,uv2/hz,,,
Spectral Analysis,rem_2_5_hz,Rapid eye movement sleep (REM) power density at 2.5 Hertz,,numeric,microvolts squared per hertz,,uv2/hz,,,
Spectral Analysis,rem_2_hz,Rapid eye movement sleep (REM) power density at 2.0 Hertz,,numeric,microvolts squared per hertz,,uv2/hz,,,
Spectral Analysis,rem_3_5_hz,Rapid eye movement sleep (REM) power density at 3.5 Hertz,,numeric,microvolts squared per hertz,,uv2/hz,,,
Spectral Analysis,rem_3_hz,Rapid eye movement sleep (REM) power density at 3.0 Hertz,,numeric,microvolts squared per hertz,,uv2/hz,,,
Spectral Analysis,rem_4_5_hz,Rapid eye movement sleep (REM) power density at 4.5 Hertz,,numeric,microvolts squared per hertz,,uv2/hz,,,
Spectral Analysis,rem_4_hz,Rapid eye movement sleep (REM) power density at 4.0 Hertz,,numeric,microvolts squared per hertz,,uv2/hz,,,
Spectral Analysis,rem_5_5_hz,Rapid eye movement sleep (REM) power density at 5.5 Hertz,,numeric,microvolts squared per hertz,,uv2/hz,,,
Spectral Analysis,rem_5_hz,Rapid eye movement sleep (REM) power density at 5.0 Hertz,,numeric,microvolts squared per hertz,,uv2/hz,,,
Spectral Analysis,rem_6_5_hz,Rapid eye movement sleep (REM) power density at 6.5 Hertz,,numeric,microvolts squared per hertz,,uv2/hz,,,
Spectral Analysis,rem_6_hz,Rapid eye movement sleep (REM) power density at 6.0 Hertz,,numeric,microvolts squared per hertz,,uv2/hz,,,
Spectral Analysis,rem_7_5_hz,Rapid eye movement sleep (REM) power density at 7.5 Hertz,,numeric,microvolts squared per hertz,,uv2/hz,,,
Spectral Analysis,rem_7_hz,Rapid eye movement sleep (REM) power density at 7.0 Hertz,,numeric,microvolts squared per hertz,,uv2/hz,,,
Spectral Analysis,rem_8_5_hz,Rapid eye movement sleep (REM) power density at 8.5 Hertz,,numeric,microvolts squared per hertz,,uv2/hz,,,
Spectral Analysis,rem_8_hz,Rapid eye movement sleep (REM) power density at 8.0 Hertz,,numeric,microvolts squared per hertz,,uv2/hz,,,
Spectral Analysis,rem_9_5_hz,Rapid eye movement sleep (REM) power density at 9.5 Hertz,,numeric,microvolts squared per hertz,,uv2/hz,,,
Spectral Analysis,rem_9_hz,Rapid eye movement sleep (REM) power density at 9.0 Hertz,,numeric,microvolts squared per hertz,,uv2/hz,,,
Spectral Analysis,sigma_bandend,Sigma band end,,numeric,hertz,,hz;12;13;14;15,,,
Spectral Analysis,sigma_bandstart,Sigma band start,,numeric,hertz,,hz;12;13;14;15,,,
Spectral Analysis,sigma_lognrem,Log transformed sigma power density in non-rapid eye movement sleep (NREM),,numeric,,,non-rem;non rem;non rapid;non-rapid eye movement;non rapid;nrem;12;13;14;15,,,
Spectral Analysis,sigma_logrem,Log transformed sigma power density in rapid eye movement sleep (REM),,numeric,,,12;13;14;15,,,
Spectral Analysis,sigma_logsleep,Log transformed sigma power density in sleep,,numeric,,,non-rem;non rem;non rapid;non-rapid eye movement;non rapid;nrem;12;13;14;15,,,
Spectral Analysis,sigma_nrem,Sigma power density in non-rapid eye movement sleep (NREM),,numeric,microvolts squared per hertz,,non-rem;non rem;non rapid;non-rapid eye movement;non rapid;nrem;uv2/hz;12;13;14;15,,,
Spectral Analysis,sigma_rem,Sigma power density in rapid eye movement sleep (REM),,numeric,microvolts squared per hertz,,uv2/hz;12;13;14;15,,,
Spectral Analysis,sigma_sleep,Sigma power density in sleep,,numeric,microvolts squared per hertz,,non-rem;non rem;non rapid;non-rapid eye movement;non rapid;nrem;uv2/hz;12;13;14;15,,,
Spectral Analysis,signal,EEG Signal,,choices,,signal,electroencephalography;electroencephalogram,,,
Spectral Analysis,slowosc_bandend,Slow oscillations band end,,numeric,hertz,,hz;0.5-1,,,
Spectral Analysis,slowosc_bandstart,Slow oscillations band start,,numeric,hertz,,hz;0.5-1,,,
Spectral Analysis,slowosc_lognrem,Log transformed slow oscillation power density in non-rapid eye movement sleep (NREM),,numeric,,,0.5-1;non-rem;non rem,,,
Spectral Analysis,slowosc_logrem,Log transformed slow oscillation power density in rapid eye movement sleep (REM),,numeric,,,0.5-1,,,
Spectral Analysis,slowosc_logsleep,Log transformed slow oscillation power density in sleep,,numeric,,,0.5-1;non-rem;non rem;non-rapid eye movement;non rapid;nrem,,,
Spectral Analysis,slowosc_nrem,Slow oscillation power density in non-rapid eye movement sleep (NREM),,numeric,microvolts squared per hertz,,0.5-1;uv2/hz,,,
Spectral Analysis,slowosc_rem,Slow oscillation power density in rapid eye movement sleep (REM),,numeric,microvolts squared per hertz,,0.5-1;non-rem;non rem;non-rapid eye movement;non rapid;nrem;uv2/hz,,,
Spectral Analysis,slowosc_sleep,Slow oscillation power density in sleep,,numeric,microvolts squared per hertz,,0.5-1;uv2/hz,,,
Spectral Analysis,slowsigma_bandend,Slow sigma band end,,numeric,hertz,,hz;12-13.5,,,
Spectral Analysis,slowsigma_bandstart,Slow sigma band start,,numeric,hertz,,hz;12-13.5,,,
Spectral Analysis,slowsigma_lognrem,Log transformed slow sigma power density in non-rapid eye movement sleep (NREM),,numeric,,,12-13.5;non-rem;non rem,,,
Spectral Analysis,slowsigma_logrem,Log transformed slow sigma power density in rapid eye movement sleep (REM),,numeric,,,12-13.5,,,
Spectral Analysis,slowsigma_logsleep,Log transformed slow sigma power density in sleep,,numeric,,,12-13.5;non-rem;non rem;non-rapid eye movement;non rapid;nrem,,,
Spectral Analysis,slowsigma_nrem,Slow sigma power density in non-rapid eye movement sleep (NREM),,numeric,microvolts squared per hertz,,12-13.5;non-rem;non rem;uv2/hz,,,
Spectral Analysis,slowsigma_rem,Slow sigma power density in rapid eye movement sleep (REM),,numeric,microvolts squared per hertz,,12-13.5;uv2/hz;non-rem;non rem,,,
Spectral Analysis,slowsigma_sleep,Slow sigma power density in sleep,,numeric,microvolts squared per hertz,,12-13.5;non-rem;non rem;non-rapid eye movement;non rapid;nrem,,,
Spectral Analysis,theta_bandend,Theta band end,,numeric,hertz,,4;5;6;7;8;hz,,,
Spectral Analysis,theta_bandstart,Theta band start,,numeric,hertz,,4;5;6;7;8;hz,,,
Spectral Analysis,theta_lognrem,Log transformed theta power density in non-rapid eye movement sleep (NREM),,numeric,,,4;5;6;7;8;non-rem;non rem,,,
Spectral Analysis,theta_logrem,Log transformed theta power density in rapid eye movement sleep (REM),,numeric,,,4;5;6;7;8,,,
Spectral Analysis,theta_logsleep,Log transformed theta power density in sleep,,numeric,,,4;5;6;7;8;hz;non-rem;non rem;non-rapid eye movement sleep;non rapid;nrem,,,
Spectral Analysis,theta_nrem,Theta power density in non-rapid eye movement sleep (NREM),,numeric,microvolts squared per hertz,,4;5;6;7;8;non-rem;non rem;uv2/hz,,,
Spectral Analysis,theta_rem,Theta power density in rapid eye movement sleep (REM),,numeric,microvolts squared per hertz,,4;5;6;7;8;uv2/hz,,,
Spectral Analysis,theta_sleep,Theta power density in sleep,,numeric,microvolts squared per hertz,,4;5;6;7;8;hz;non-rem;non rem;non-rapid eye movement sleep;non rapid;nrem;uv2/hz,,,
